{
  "skin": "email",
  "sensitivity": {
    "ethics": {
      "signed": [
        -0.0328369140625,
        -0.004486083984375,
        0.00418853759765625,
        0.02264404296875,
        0.0097808837890625,
        0.043701171875,
        0.010467529296875,
        0.0169677734375,
        0.021484375,
        0.06939697265625,
        0.068115234375,
        0.049591064453125,
        0.06048583984375,
        0.041046142578125,
        0.03375244140625,
        -0.03924560546875,
        -0.02978515625,
        -0.02215576171875,
        -0.0186004638671875,
        0.040740966796875,
        -0.006683349609375,
        -0.034820556640625,
        -0.030548095703125,
        -0.029693603515625,
        -0.02423095703125,
        -0.0169677734375,
        -0.01500701904296875,
        -0.0152587890625
      ],
      "abs": [
        0.0328369140625,
        0.004486083984375,
        0.00418853759765625,
        0.02264404296875,
        0.0097808837890625,
        0.043701171875,
        0.010467529296875,
        0.0169677734375,
        0.021484375,
        0.06939697265625,
        0.068115234375,
        0.049591064453125,
        0.06048583984375,
        0.041046142578125,
        0.03375244140625,
        0.03924560546875,
        0.02978515625,
        0.02215576171875,
        0.0186004638671875,
        0.040740966796875,
        0.006683349609375,
        0.034820556640625,
        0.030548095703125,
        0.029693603515625,
        0.02423095703125,
        0.0169677734375,
        0.01500701904296875,
        0.0152587890625
      ]
    },
    "goal": {
      "signed": [
        -0.01177215576171875,
        -0.04742431640625,
        -0.0419921875,
        -0.0235443115234375,
        -0.045196533203125,
        -0.0129241943359375,
        0.01425933837890625,
        0.060302734375,
        0.018218994140625,
        0.0010042190551757812,
        0.02099609375,
        -0.0245208740234375,
        0.026123046875,
        0.0005545616149902344,
        -0.07537841796875,
        -0.1129150390625,
        -0.0855712890625,
        -0.01177215576171875,
        0.002803802490234375,
        -0.0017595291137695312,
        0.0181427001953125,
        0.00696563720703125,
        -0.0101470947265625,
        -0.0005359649658203125,
        0.009521484375,
        0.0191192626953125,
        0.01311492919921875,
        0.01282501220703125
      ],
      "abs": [
        0.01177215576171875,
        0.04742431640625,
        0.0419921875,
        0.0235443115234375,
        0.045196533203125,
        0.0129241943359375,
        0.01425933837890625,
        0.060302734375,
        0.018218994140625,
        0.0010042190551757812,
        0.02099609375,
        0.0245208740234375,
        0.026123046875,
        0.0005545616149902344,
        0.07537841796875,
        0.1129150390625,
        0.0855712890625,
        0.01177215576171875,
        0.002803802490234375,
        0.0017595291137695312,
        0.0181427001953125,
        0.00696563720703125,
        0.0101470947265625,
        0.0005359649658203125,
        0.009521484375,
        0.0191192626953125,
        0.01311492919921875,
        0.01282501220703125
      ]
    }
  },
  "override_layer": null
}