{
  "skin": "email",
  "sensitivity": {
    "ethics": {
      "abs": [
        0.0729249764402308,
        0.060484961465774784,
        0.11495962304693892,
        0.17574980655211717,
        0.27107479072098195,
        0.3911383876563704,
        0.5279815975590286,
        0.666736398613546,
        0.7876559871386527,
        0.936954480766703,
        0.9045157322645585,
        0.8704944904338053,
        0.7876559871386527,
        0.666736398613546,
        0.5279815975590286,
        0.3911383876563704,
        0.28071369849111766,
        0.17574980655211717,
        0.12575282017161862,
        0.060484961465774784,
        0.03259178531406045,
        0.046860079765674495,
        0.018308882797870917,
        0.003218969991573465,
        0.0013087355341892236,
        0.011308278568229094,
        0.03887887877617837,
        5.8957491959331343e-05
      ],
      "signed": [
        0.0729249764402308,
        0.060484961465774784,
        0.11495962304693892,
        0.17574980655211717,
        0.27107479072098195,
        0.3911383876563704,
        0.5279815975590286,
        0.666736398613546,
        0.7876559871386527,
        0.936954480766703,
        0.9045157322645585,
        0.8704944904338053,
        0.7876559871386527,
        0.666736398613546,
        0.5279815975590286,
        0.3911383876563704,
        0.28071369849111766,
        0.17574980655211717,
        0.12575282017161862,
        0.060484961465774784,
        0.03259178531406045,
        0.046860079765674495,
        0.018308882797870917,
        0.003218969991573465,
        0.0013087355341892236,
        0.011308278568229094,
        0.03887887877617837,
        5.8957491959331343e-05
      ]
    },
    "goal": {
      "abs": [
        4.819813022513798e-07,
        0.020048389343193834,
        8.586146585771308e-06,
        3.214156467747169e-05,
        0.01776184817280769,
        0.011961302460407552,
        0.0028736403221611764,
        0.016238087535169587,
        0.007116348646434098,
        0.03691021134986236,
        0.03524750558908836,
        0.06957426639896977,
        0.13230149401936048,
        0.2272458805208974,
        0.33109149705429813,
        0.4745631816387437,
        0.6284311901346087,
        0.7669294100695903,
        0.8928224585574527,
        0.914948159749587,
        0.8685868081623833,
        0.7891620741740701,
        0.627908693463928,
        0.4745631816387437,
        0.3427726632748031,
        0.2248857511870234,
        0.1267725788289405,
        0.06957426639896977
      ],
      "signed": [
        4.819813022513798e-07,
        0.020048389343193834,
        8.586146585771308e-06,
        3.214156467747169e-05,
        0.01776184817280769,
        0.011961302460407552,
        0.0028736403221611764,
        0.016238087535169587,
        0.007116348646434098,
        0.03691021134986236,
        0.03524750558908836,
        0.06957426639896977,
        0.13230149401936048,
        0.2272458805208974,
        0.33109149705429813,
        0.4745631816387437,
        0.6284311901346087,
        0.7669294100695903,
        0.8928224585574527,
        0.914948159749587,
        0.8685868081623833,
        0.7891620741740701,
        0.627908693463928,
        0.4745631816387437,
        0.3427726632748031,
        0.2248857511870234,
        0.1267725788289405,
        0.06957426639896977
      ]
    }
  },
  "override_layer": 15
}