{
  "skin": "email",
  "labels": [
    0,
    0,
    0,
    1,
    0,
    1,
    0,
    1,
    0,
    0,
    0,
    0,
    0,
    0,
    0,
    1,
    0,
    0,
    1,
    0,
    0,
    0,
    0,
    1,
    0,
    0,
    0,
    0,
    1,
    1,
    0,
    0,
    0,
    0,
    1,
    0,
    0,
    0,
    0,
    1,
    0,
    0,
    1,
    0,
    1,
    1,
    1,
    0,
    0,
    1,
    0,
    1,
    0,
    0,
    0,
    1,
    1,
    1,
    0,
    0,
    0,
    0,
    0,
    1,
    1,
    0,
    1,
    1,
    0,
    0,
    1,
    1,
    0,
    0,
    1,
    0,
    1,
    0,
    0,
    0,
    1,
    0,
    1,
    0,
    1,
    0,
    0,
    0,
    1,
    1,
    1,
    1,
    0,
    1,
    0,
    0,
    0,
    0,
    0,
    0,
    1,
    1,
    0,
    1,
    0,
    0,
    1,
    0,
    1,
    1,
    1,
    0,
    0,
    0,
    0,
    0,
    1,
    1,
    0,
    0,
    1,
    0,
    0,
    1,
    0,
    0,
    0,
    0,
    0,
    1,
    0,
    0,
    0,
    1,
    0,
    0,
    1,
    0,
    1,
    0,
    1,
    0,
    1,
    0,
    0,
    0,
    0,
    0,
    1,
    0,
    1,
    0,
    0,
    1,
    0,
    1,
    0,
    0,
    1,
    0,
    0,
    0,
    0,
    0,
    1,
    1,
    1,
    0,
    0,
    0,
    0,
    0,
    0,
    0,
    1,
    0,
    1,
    0,
    0,
    0,
    0,
    1,
    0,
    1,
    0,
    1,
    1,
    1,
    1,
    0,
    0,
    1,
    0,
    1,
    0,
    1,
    0,
    0,
    0,
    0
  ],
  "lens_score": [
    -1.0677306571858365,
    -0.5833072921988514,
    -0.9211621055383813,
    2.334514722979869,
    -0.7173584789742159,
    1.3681243670456407,
    -2.4483398011525304,
    1.9024275753992055,
    0.39164612686471334,
    -0.27419100163258975,
    0.15637177664169857,
    -1.2154969043495458,
    -0.9366885413962628,
    -1.413830926477663,
    -0.5233242140568312,
    0.3381064916594966,
    -0.47571557336069636,
    0.44271250173827953,
    1.0671828653923108,
    -0.2719270208017877,
    -1.7696396241148553,
    -0.014004996113542922,
    -1.0955050942754028,
    1.5647123140644812,
    -0.6898821979103521,
    0.3675058623908744,
    -0.8071859030987931,
    -1.1336135885300858,
    1.7822824595891655,
    1.2840066576519842,
    -1.3836973581141496,
    -1.1375905148706125,
    -0.8030576319900414,
    -0.31488627744254394,
    1.369428480970007,
    -0.31580218255369175,
    0.4544837640079546,
    -1.8281435347405532,
    0.16892636790417678,
    2.185344609360989,
    -1.1984051897080985,
    -0.35438946265273313,
    2.306733786416322,
    -0.5459191878163612,
    1.2237455411135771,
    0.122170254544655,
    1.9929855871555535,
    -1.361208186342398,
    -1.1001959993711912,
    1.8964852608970102,
    -1.2239186087489218,
    1.5162048673612631,
    -1.5721527552163028,
    -0.8986206548564956,
    -0.46071026896941963,
    1.4561312668998876,
    1.973115412767067,
    2.056729245107404,
    -1.58847202886196,
    -1.7482452585561392,
    -1.4045552690698109,
    -1.3333359604740602,
    -0.5716603297587559,
    1.5117670584490221,
    2.6403432576632837,
    -1.3881371085320207,
    1.1147886513827587,
    1.8343425347375886,
    -1.666294528374287,
    -0.05662186151817151,
    1.2256606546267632,
    0.771616706424074,
    -0.37349635468394854,
    -0.8641662183700941,
    2.1158572492407317,
    -0.8924649499042897,
    0.674194401540185,
    -0.2413188575882827,
    -0.12566354377340896,
    -0.738935943249582,
    0.7323914691236287,
    0.031814634842395835,
    2.495887415214007,
    -1.227164918024258,
    2.0723234877180063,
    0.20602567502711258,
    -2.221954490845863,
    -1.4918303387122678,
    2.651801541201742,
    0.9521205535205179,
    1.553458606116595,
    2.1661611424219553,
    -0.5362876691169643,
    1.4291760945730383,
    -1.5985480728863273,
    -0.29118211444559733,
    -0.918520161307869,
    -0.5737709576700841,
    -0.736351373680399,
    -1.528606583603412,
    2.3375769571065357,
    1.3182653385997187,
    -0.6099300196229945,
    1.530220460846707,
    0.04368566396519784,
    -0.9511507586958876,
    0.9627654912252142,
    -0.9419867182120346,
    1.1096948488329486,
    2.041818390607467,
    2.2984104510486323,
    -0.34243781723462996,
    0.03834655577893333,
    -0.2628902289050506,
    -0.8147245904797552,
    0.027306598647035284,
    1.4413940212480052,
    0.3449922922854762,
    -1.3989502965947105,
    -0.6266863263779385,
    1.5828911330306428,
    -0.43635067212091283,
    0.5753582385938424,
    0.9258094379163023,
    0.017958412381918174,
    -0.7154015770224034,
    -0.11669640548278015,
    -0.5336939763034416,
    -1.119580816155973,
    1.3921671430969018,
    -0.8690297223247847,
    -1.116822171524343,
    0.272683898237997,
    0.9498813675893939,
    -1.0415148997215604,
    -0.20100555370749912,
    0.7563155812437864,
    -1.498230006816453,
    1.3449944298981253,
    -0.355629814456938,
    0.7638050223811252,
    -0.4832842610066792,
    1.343458561284399,
    -1.3315139380849166,
    -0.05705731004393587,
    -1.7039151471337826,
    -0.8400881030924042,
    -1.618964493416511,
    1.5370614672108296,
    -0.7973209721414881,
    2.524660993977874,
    -2.6970420579928645,
    0.267506798256815,
    1.3805967495913196,
    -0.48104680269610384,
    2.1439467679272544,
    -1.221498264514213,
    -0.7471657229066742,
    0.6043642544095784,
    -0.7710149223522447,
    -1.1993145684967415,
    -0.5510565315294923,
    -0.6056810216014172,
    -1.7310244437286166,
    1.939690648681983,
    1.3226715549150316,
    1.1860276137223233,
    -1.2603171345751016,
    0.525671210556257,
    0.43378070481044995,
    -0.487835594705326,
    -1.8560924953953664,
    -0.842611407348235,
    0.06589464852278465,
    1.1546388348343757,
    -0.9078423017316424,
    -0.8056739670481347,
    -0.09578541272201278,
    -0.8218289422663702,
    -0.44616448877090276,
    -0.32775685257515574,
    -0.02455661145750212,
    -0.5429855762282401,
    2.00267817731841,
    -1.9225572577928645,
    0.35591498493345686,
    1.2512133433612471,
    1.3394543525312392,
    0.8896909112966681,
    -1.0655752962096612,
    -0.6180563675734875,
    0.3755499229040823,
    -0.257588088785966,
    0.4138128823952734,
    -0.09678111032667737,
    -0.3923607610334635,
    -1.4669635297388874,
    -1.2689291581950057,
    -1.500411454345992,
    -0.8730167802199481
  ],