{
  "skin": "email",
  "labels": [
    0,
    0,
    0,
    0,
    0,
    0,
    0,
    0,
    0,
    0,
    0,
    0,
    0,
    0,
    0,
    0,
    0,
    0,
    0,
    0,
    0,
    0,
    0,
    0,
    0,
    0,
    0,
    0,
    0,
    0,
    0,
    0,
    0,
    0,
    0,
    0,
    0,
    0,
    0,
    0,
    0,
    0,
    0,
    0,
    0,
    0,
    0,
    0,
    0,
    0,
    0,
    0,
    0,
    0,
    0,
    0,
    0,
    0,
    0,
    0,
    0,
    0,
    0,
    0,
    0,
    0,
    0,
    0,
    0,
    0,
    0,
    0,
    0,
    0,
    0,
    0,
    0,
    0,
    0,
    0,
    0,
    0,
    0,
    0,
    0,
    0,
    0,
    0,
    0,
    0,
    0,
    0,
    0,
    0,
    0,
    0,
    0,
    0,
    0,
    0,
    0,
    0,
    0,
    0,
    0,
    0,
    0,
    0,
    0,
    0,
    0,
    0,
    0,
    0,
    0,
    0,
    0,
    0,
    0,
    0,
    0,
    0,
    0,
    0,
    0,
    0,
    0,
    0,
    0,
    0,
    0,
    0,
    0,
    0,
    0,
    0,
    0,
    0,
    0,
    0,
    0,
    0,
    0,
    0,
    0,
    0,
    0,
    0,
    0,
    0
  ],
  "lens_score": [
    2.578125,
    2.578125,
    2.578125,
    2.578125,
    2.578125,
    2.578125,
    2.578125,
    2.578125,
    2.578125,
    2.578125,
    2.578125,
    2.578125,
    2.578125,
    2.578125,
    2.578125,
    2.578125,
    2.578125,
    2.578125,
    2.578125,
    2.578125,
    2.578125,
    2.578125,
    2.578125,
    2.578125,
    2.578125,
    2.578125,
    2.578125,
    2.578125,
    2.578125,
    2.578125,
    2.578125,
    2.578125,
    2.578125,
    2.578125,
    2.578125,
    2.578125,
    2.578125,
    2.578125,
    2.578125,
    2.578125,
    2.578125,
    2.578125,
    2.578125,
    2.578125,
    2.578125,
    2.578125,
    2.578125,
    2.578125,
    2.578125,
    2.578125,
    2.578125,
    2.578125,
    2.578125,
    2.578125,
    2.578125,
    2.578125,
    2.578125,
    2.578125,
    2.578125,
    2.578125,
    2.578125,
    2.578125,
    2.578125,
    2.578125,
    2.578125,
    2.578125,
    2.578125,
    2.578125,
    2.578125,
    2.578125,
    2.578125,
    2.578125,
    2.578125,
    2.578125,
    2.578125,
    2.578125,
    2.578125,
    2.578125,
    2.578125,
    2.578125,
    2.578125,
    2.578125,
    2.578125,
    2.578125,
    2.578125,
    2.578125,
    2.578125,
    2.578125,
    2.578125,
    2.578125,
    2.578125,
    2.578125,
    2.578125,
    2.578125,
    2.578125,
    2.578125,
    2.578125,
    2.578125,
    2.578125,
    2.578125,
    2.578125,
    2.578125,
    2.578125,
    2.578125,
    2.578125,
    2.578125,
    2.578125,
    2.578125,
    2.578125,
    2.578125,
    2.578125,
    2.578125,
    2.578125,
    2.578125,
    2.578125,
    2.578125,
    2.578125,
    2.578125,
    2.578125,
    2.578125,
    2.578125,
    2.578125,
    2.578125,
    2.578125,
    2.578125,
    2.578125,
    2.578125,
    2.578125,
    2.578125,
    2.578125,
    2.578125,
    2.578125,
    2.578125,
    2.578125,
    2.578125,
    2.578125,
    2.578125,
    2.578125,
    2.578125,
    2.578125,
    2.578125,
    2.578125,
    2.578125,
    2.578125,
    2.578125,
    2.578125,
    2.578125,
    2.578125,
    2.578125,
    2.578125
  ],
  "cot_score": [
    0,
    0,
    0,
    0,
    0,
    0,
    0,
    0,
    0,
    0,
    0,
    0,
    0,
    0,
    0,
    0,
    0,
    0,
    0,
    0,
    0,
    0,
    0,
    0,
    0,
    0,
    0,
    0,
    0,
    0,
    0,
    0,
    0,
    0,
    0,
    0,
    0,
    0,
    0,
    0,
    0,
    0,
    0,
    0,
    0,
    0,
    0,
    0,
    0,
    0,
    0,
    0,
    0,
    0,
    0,
    0,
    0,
    0,
    0,
    0,
    0,
    0,
    0,
    0,
    0,
    0,
    0,
    0,
    0,
    0,
    0,
    0,
    0,
    0,
    0,
    0,
    0,
    0,
    0,
    0,
    0,
    0,
    0,
    0,
    0,
    0,
    0,
    0,
    0,
    0,
    0,
    0,
    0,
    0,
    0,
    0,
    0,
    0,
    0,
    0,
    0,
    0,
    0,
    0,
    0,
    0,
    0,
    0,
    0,
    0,
    0,
    0,
    0,
    0,
    0,
    0,
    0,
    0,
    0,
    0,
    0,
    0,
    0,
    0,
    0,
    0,
    0,
    0,
    0,
    0,
    0,
    0,
    0,
    0,
    0,
    0,
    0,
    0,
    0,
    0,
    0,
    0,
    0,
    0,
    0,
    0,
    0,
    0,
    0,
    0
  ]
}