{
  "skin": "email",
  "conditions": [
    "threat_only",
    "conflict_only",
    "both"
  ],
  "cond_base": [
    0.62,
    0.55,
    0.9
  ],
  "cond_steered": [
    0.10899941525092394,
    0.03841184205270132,
    0.4469348877915716
  ],
  "goals": [
    "american",
    "global",
    "ethics",
    "safety",
    "none"
  ],
  "goal_base": [
    0.6143205520352566,
    0.5215722809526626,
    0.6533475523142073,
    0.6633892821679994,
    0.518110077560978
  ],
  "goal_steered": [
    0.30213112435346456,
    0.02,
    0.1902552744172103,
    0.30476173175054344,
    0.10937318950469255
  ],
  "instruction_only": 0.58,
  "instruction_plus_steer": 0.09,
  "task_score_base": 0.94,
  "task_score_steered": 0.88
}