{
  "skin": "email",
  "sensitivity": {
    "self_preservation": {
      "abs": [
        0.006911775977304066,
        0.01643289307614335,
        0.006611502296239779,
        1.300729765406762e-05,
        0.01816256893289453,
        0.009141391862647888,
        0.0007465858083766792,
        0.013980224090417295,
        0.01402939492280698,
        0.023305024572604034,
        0.041330648804682145,
        0.09722784623161944,
        0.16529888822158653,
        0.2865047968601901,
        0.44932896411722156,
        0.6496050758744659,
        0.819525195227615,
        0.951229424500714,
        1.0,
        0.951229424500714,
        0.8188935966883487,
        0.6376281516217733,
        0.4752102404051857,
        0.30663928316630595,
        0.16529888822158653,
        0.0862935864993705,
        0.04076220397836621,
        0.017422374639493515
      ],
      "signed": [
        9.213600834566135e-08,
        5.302061201824291e-07,
        2.7607725720371986e-06,
        1.300729765406762e-05,
        5.5451599432176945e-05,
        0.00021390041536766149,
        0.0007465858083766792,
        0.002357862006490233,
        0.006737946999085467,
        0.017422374639493515,
        0.04076220397836621,
        0.0862935864993705,
        0.16529888822158653,
        0.2865047968601901,
        0.44932896411722156,
        0.6376281516217733,
        0.8187307530779818,
        0.951229424500714,
        1.0,
        0.951229424500714,
        0.8187307530779818,
        0.6376281516217733,
        0.44932896411722156,
        0.2865047968601901,
        0.16529888822158653,
        0.0862935864993705,
        0.04076220397836621,
        0.017422374639493515
      ]
    },
    "instrumental": {
      "abs": [
        0.00569086016927222,
        0.00790461294366832,
        0.05059881260095135,
        0.01762375279454418,
        0.034787133199484885,
        0.10424172156431685,
        0.11955155133099174,
        0.1788070159746743,
        0.23728159081937186,
        0.313954346731964,
        0.38681399991925,
        0.43453552937497636,
        0.45,
        0.43235524761854544,
        0.38346470503479513,
        0.313954346731964,
        0.23728159081937186,
        0.16745540907653816,
        0.10732921614806451,
        0.06338628941447025,
        0.04666209463520134,
        0.03544709188019075,
        0.014659003591261655,
        0.003558174323217049,
        0.016051045895008813,
        0.0005216531282570662,
        0.017760363434054495,
        5.5534411839005804e-05
      ],
      "signed": [
        0.0014180002192999987,
        0.003558174323217049,
        0.00824203749993038,
        0.01762375279454418,
        0.034787133199484885,
        0.06338628941447025,
        0.1066174914069548,
        0.16554574852714907,
        0.23728159081937186,
        0.313954346731964,
        0.38346470503479513,
        0.43235524761854544,
        0.45,
        0.43235524761854544,
        0.38346470503479513,
        0.313954346731964,
        0.23728159081937186,
        0.16554574852714907,
        0.1066174914069548,
        0.06338628941447025,
        0.034787133199484885,
        0.01762375279454418,
        0.00824203749993038,
        0.003558174323217049,
        0.0014180002192999987,
        0.0005216531282570662,
        0.00017715106829478523,
        5.5534411839005804e-05
      ]
    },
    "realness": {
      "abs": [
        0.02249788412061616,
        0.011439997964113558,
        0.027215385986823753,
        0.05666268085126855,
        0.10432818163505458,
        0.170099317611497,
        0.2297785015093946,
        0.28065209550948533,
        0.3039916906569416,
        0.28065209550948533,
        0.2344886137439991,
        0.1798338812777755,
        0.10324613605962371,
        0.061750443181620894,
        0.0517083253375384,
        0.011439997964113558,
        0.0042085400580405335,
        0.016399850826375656,
        0.005450720464564772,
        0.018011809705037164,
        2.031862094725617e-05,
        3.8376917802409164e-06,
        6.343661846109453e-07,
        9.177069615054774e-08,
        0.015506488059773442,
        0.0038726582549452456,
        1.2484192182672447e-10,
        1.059499420682175e-11
      ],
      "signed": [
        0.0042085400580405335,
        0.011439997964113558,
        0.027215385986823753,
        0.05666268085126855,
        0.10324613605962371,
        0.16464349082820792,
        0.2297785015093946,
        0.28065209550948533,
        0.3,
        0.28065209550948533,
        0.2297785015093946,
        0.16464349082820792,
        0.10324613605962371,
        0.05666268085126855,
        0.027215385986823753,
        0.011439997964113558,
        0.0042085400580405335,
        0.0013549742827837997,
        0.00038179014040194237,
        9.41482894859587e-05,
        2.031862094725617e-05,
        3.8376917802409164e-06,
        6.343661846109453e-07,
        9.177069615054774e-08,
        1.1618821960558157e-08,
        1.2874021696794889e-09,
        1.2484192182672447e-10,
        1.059499420682175e-11
      ]
    }
  }
}