{
  "skin": "email",
  "sensitivity": {
    "self_preservation": {
      "signed": [
        0.0109100341796875,
        -0.00452423095703125,
        0.00899505615234375,
        -0.0056304931640625,
        0.0016546249389648438,
        0.00975799560546875,
        0.0182647705078125,
        0.01274871826171875,
        0.05999755859375,
        0.046722412109375,
        0.012298583984375,
        -0.00144195556640625,
        -0.007266998291015625,
        0.002712249755859375,
        0.0051422119140625,
        -0.0018663406372070312,
        0.040313720703125,
        0.05450439453125,
        0.01149749755859375,
        -0.004238128662109375,
        -0.008026123046875,
        -0.0255584716796875,
        -0.046722412109375,
        -0.038848876953125,
        -0.03765869140625,
        -0.0179901123046875,
        -0.0251312255859375,
        0.0262298583984375
      ],
      "abs": [
        0.0109100341796875,
        0.00452423095703125,
        0.00899505615234375,
        0.0056304931640625,
        0.0016546249389648438,
        0.00975799560546875,
        0.0182647705078125,
        0.01274871826171875,
        0.05999755859375,
        0.046722412109375,
        0.012298583984375,
        0.00144195556640625,
        0.007266998291015625,
        0.002712249755859375,
        0.0051422119140625,
        0.0018663406372070312,
        0.040313720703125,
        0.05450439453125,
        0.01149749755859375,
        0.004238128662109375,
        0.008026123046875,
        0.0255584716796875,
        0.046722412109375,
        0.038848876953125,
        0.03765869140625,
        0.0179901123046875,
        0.0251312255859375,
        0.0262298583984375
      ]
    },
    "instrumental": {
      "signed": [
        0.01373291015625,
        -0.00818634033203125,
        0.0195770263671875,
        0.021636962890625,
        0.03265380859375,
        0.0298309326171875,
        0.060455322265625,
        0.05615234375,
        0.02813720703125,
        0.0174713134765625,
        -0.01568603515625,
        -0.00943756103515625,
        0.02252197265625,
        0.01348114013671875,
        0.02618408203125,
        0.0305938720703125,
        0.021240234375,
        0.0450439453125,
        0.031646728515625,
        0.0010013580322265625,
        0.044342041015625,
        0.052825927734375,
        0.04443359375,
        0.03448486328125,
        0.032073974609375,
        0.03851318359375,
        0.019317626953125,
        0.019439697265625
      ],
      "abs": [
        0.01373291015625,
        0.00818634033203125,
        0.0195770263671875,
        0.021636962890625,
        0.03265380859375,
        0.0298309326171875,
        0.060455322265625,
        0.05615234375,
        0.02813720703125,
        0.0174713134765625,
        0.01568603515625,
        0.00943756103515625,
        0.02252197265625,
        0.01348114013671875,
        0.02618408203125,
        0.0305938720703125,
        0.021240234375,
        0.0450439453125,
        0.031646728515625,
        0.0010013580322265625,
        0.044342041015625,
        0.052825927734375,
        0.04443359375,
        0.03448486328125,
        0.032073974609375,
        0.03851318359375,
        0.019317626953125,
        0.019439697265625
      ]
    },
    "realness": {
      "signed": [
        0.0222930908203125,
        0.0230865478515625,
        0.03594970703125,
        0.0241851806640625,
        0.0229034423828125,
        0.04052734375,
        0.0197296142578125,
        0.0157318115234375,
        0.0419921875,
        0.0265655517578125,
        0.027130126953125,
        0.035797119140625,
        -0.020538330078125,
        -0.0496826171875,
        -0.06036376953125,
        -0.0303497314453125,
        -0.0267181396484375,
        -0.020233154296875,
        -0.03436279296875,
        -0.0134735107421875,
        0.0136871337890625,
        0.01212310791015625,
        -0.01192474365234375,
        -0.01540374755859375,
        -0.021697998046875,
        -0.0209197998046875,
        -0.007045745849609375,
        0.0187835693359375
      ],
      "abs": [
        0.0222930908203125,
        0.0230865478515625,
        0.03594970703125,
        0.0241851806640625,
        0.0229034423828125,
        0.04052734375,
        0.0197296142578125,
        0.0157318115234375,
        0.0419921875,
        0.0265655517578125,
        0.027130126953125,
        0.035797119140625,
        0.020538330078125,
        0.0496826171875,
        0.06036376953125,
        0.0303497314453125,
        0.0267181396484375,
        0.020233154296875,
        0.03436279296875,
        0.0134735107421875,
        0.0136871337890625,
        0.01212310791015625,
        0.01192474365234375,
        0.01540374755859375,
        0.021697998046875,
        0.0209197998046875,
        0.007045745849609375,
        0.0187835693359375
      ]
    }
  }
}